[
  {
    "title": "AWS Certified Machine Learning - Specialty",
    "organization": {
      "name": "AWS Certification",
      "url": "https://aws.amazon.com/certification"
    },
    "badge": "/assets/img/badges/aws-mls.png",
    "link": "https://www.credly.com/badges/8ea3bcee-014b-42df-bc37-3e49d1e4166e/public_url",
    "date": "June 2024"
  },
  {
    "title": "AWS Certified Solutions Architect",
    "organization": {
      "name": "AWS Certification",
      "url": "https://aws.amazon.com/certification"
    },
    "badge": "/assets/img/badges/aws-saa.png",
    "link": "https://www.youracclaim.com/badges/2d566076-370f-4b1b-8103-ed467325228d",
    "date": "October 2020"
  },
  {
    "title": "Associate Cloud Engineer",
    "organization": {
      "name": "Google Cloud",
      "url": "https://cloud.google.com/certification"
    },
    "badge": "/assets/img/badges/gce.png",
    "link": "https://www.credential.net/fbeb9d71-88ba-4cba-8d22-458cd6ffea50",
    "date": "July 2020"
  },
  {
    "title": "Certified Scrum Master",
    "organization": {
      "name": "Scrum Alliance",
      "url": "https://www.scrumalliance.org"
    },
    "badge": "/assets/img/badges/csm.png",
    "link": "http://bcert.me/swmyzzefi",
    "date": "June 2020"
  },
  {
    "title": "Certified Scrum Product Owner",
    "organization": {
      "name": "Scrum Alliance",
      "url": "https://www.scrumalliance.org"
    },
    "badge": "/assets/img/badges/cspo.png",
    "link": "http://bcert.me/spcxpsler",
    "date": "June 2020"
  }
]