{
  "items": [
    {
      "text": "Computer Engineer",
      "img": "assets/img/portfolio/engineer.jpg",
      "ref": "engineering"
    },
    {
      "text": "Researcher",
      "img": "assets/img/portfolio/researcher.jpg",
      "ref": "research"
    },
    {
      "text": "Instructor",
      "img": "assets/img/portfolio/instructor.jpg",
      "ref": "teaching"
    }
  ],
  "positions": [
    {
      "position": "Assistant Lecturer",
      "organization": {
        "name": "Modern Academy for Engineering and Technology",
        "url": "http://eng.moder-academy.edu.eg"
      },
      "duration": "September 2005 - May 2006",
      "time": 2005,
      "date": "01/09/2005",
      "selected": false
    },
    {
      "position": "Assistant Lecturer",
      "organization": {
        "name": "Shorouk Academy",
        "url": "http://sha.edu.eg"
      },
      "duration": "February 2006 - September 2007",
      "time": 2006,
      "date": "01/02/2006",
      "selected": false
    },
    {
      "position": "Assistant Lecturer",
      "organization": {
        "name": "Minia University",
        "url": "http://www.minia.edu.eg/eng/index.php/en"
      },
      "duration": "March 2007 - August 2010",
      "time": 2007,
      "date": "01/03/2007",
      "selected": false
    },
    {
      "position": "Software Development Engineer",
      "organization": {
        "name": "Mentor Graphics",
        "url": "http://www.mentor.com"
      },
      "duration": "November 2007 - November 2008",
      "time": 2008,
      "date": "01/11/2008",
      "selected": false
    },
    {
      "position": "Graduate Research Assistant",
      "organization": {
        "name": "Virginia Tech",
        "url": "http://www.vt.edu"
      },
      "duration": "Jan 2011 - Jul 2011",
      "time": 2011,
      "date": "01/01/2011",
      "selected": false
    },
    {
      "position": "Graduate Research Assistant",
      "organization": {
        "name": "Virginia Tech",
        "url": "http://www.vt.edu"
      },
      "duration": "February 2013 - May 2013",
      "time": 2013,
      "date": "01/02/2013",
      "selected": false
    },
    {
      "position": "Software Engineering Intern",
      "organization": {
        "name": "Google",
        "url": "http://www.google.com/about"
      },
      "duration": "May 2014 - August 2014",
      "time": 2014,
      "date": "01/05/2014",
      "selected": false
    },
    {
      "position": "Graduate Research Assistant",
      "organization": {
        "name": "Virginia Tech",
        "url": "http://www.vt.edu"
      },
      "duration": "January 2015 - July 2017",
      "time": 2015,
      "date": "01/01/2015",
      "selected": false
    },
    {
      "position": "Assistant Professor",
      "organization": {
        "name": "Minia University",
        "url": "http://www.minia.edu.eg/eng/index.php/en"
      },
      "duration": "November 2017 - January 2020",
      "time": "2017",
      "date": "01/11/2017",
      "selected": false
    },
    {
      "position": "Learning Content Team Lead",
      "organization": {
        "name": "RoboGarden",
        "url": "https://robogarden.ca"
      },
      "duration": "December 2018 - August 2019",
      "time": "2019",
      "date": "01/01/2019",
      "selected": false
    },
    {
      "position": "Founder",
      "organization": {
        "name": "Abed Solutions",
        "url": "https://abed.solutions"
      },
      "duration": "January 2020 - Present",
      "time": "2020",
      "date": "01/01/2020",
      "selected": false
    },
    {
      "position": "Senior Software Engineer, Machine Learning",
      "organization": {
        "name": "Sophi",
        "url": "https://sophi.io/"
      },
      "duration": "January 2021 - April 2022",
      "time": "2021",
      "date": "25/01/2021",
      "selected": false
    },
    {
      "position": "Lead Software Engineer",
      "organization": {
        "name": "Sophi",
        "url": "https://sophi.io/"
      },
      "duration": "April 2022 - November 2022",
      "time": "2022",
      "date": "01/04/2022",
      "selected": false
    },
    {
      "position": "Engineering Manager",
      "organization": {
        "name": "Sophi",
        "url": "https://sophi.io/"
      },
      "duration": "November 2022 - Present",
      "time": "2024",
      "date": "01/11/2022",
      "selected": true
    }
  ]
}
