[
  {},
  {
    "label": "Java",
    "size": 50,
    "x": 300,
    "y": 130,
    "color": "5382A1",
    "projects": [
      {
        "name": "RHIDS",
        "link": "research#projects",
        "code": "https://github.com/amrabed/rhids"
      },
      {
        "name": "Google Fit for Android",
        "link": "engineering#positions"
      },
      {
        "name": "Daily Evaluation - Android",
        "link": "https://amrabed.me/Evaluation"
      },
      {
        "name": "Iqama Times - Android",
        "link": "https://github.com/amrabed/iqama"
      },
      {
        "name": "Logger - Android",
        "link": "https://github.com/amrabed/logger"
      }
    ]
  },
  {
    "id": "cpp",
    "label": "C++",
    "size": 50,
    "x": 200,
    "y": 130,
    "color": "2766A1",
    "projects": [
      {
        "name": "Spectre2Eldo Converter",
        "link": "engineering#positions"
      }
    ]
  },
  {
    "label": "C",
    "size": 50,
    "x": 400,
    "y": 130,
    "color": "6899CE",
    "projects": [
      {
        "name": "Spectre2Eldo Converter",
        "link": "engineering#positions"
      }
    ]
  },
  {
    "label": "Docker",
    "size": 45,
    "x": 350,
    "y": 50,
    "color": "394E53",
    "projects": [
      {
        "name": "RHIDS",
        "link": "research#projects",
        "code": "https://amrabed.me/rhids"
      },
      {
        "name": "SodaCloud",
        "link": "research#projects"
      }
    ]
  },
  {
    "label": "Android",
    "size": 45,
    "x": 250,
    "y": 50,
    "color": "AEBE40",
    "projects": [
      {
        "name": "Google Fit for Android",
        "link": "engineering#positions"
      },
      {
        "name": "Daily Evaluation",
        "link": "https://amrabed.me/Evaluation"
      },
      {
        "name": "Iqama Times",
        "link": "https://github.com/amrabed/iqama"
      },
      {
        "name": "Logger",
        "link": "https://github.com/amrabed/logger"
      }
    ]
  },
  {
    "label": "HTML",
    "size": 20,
    "x": 413.5,
    "y": 62,
    "color": "D35C3B",
    "projects": [
      {
        "name": "amrabed.me (This website)",
        "link": "https://github.com/amrabed/amrabed.github.io"
      }
    ]
  },
  {
    "label": "Shell",
    "size": 20,
    "x": 150.5,
    "y": 179.5,
    "color": "7F7F7F",
    "projects": [
      {
        "name": "RHIDS",
        "link": "research#projects"
      },
      {
        "name": "SodaCloud",
        "link": "research#projects"
      },
      {
        "name": "Metrolab",
        "link": "research#projects",
        "code": "https://github.com/amrabed/metrolab"
      }
    ]
  },
  {
    "label": "SQL",
    "size": 25,
    "x": 453,
    "y": 183,
    "color": "E59433",
    "projects": [
      {
        "name": "Metrolab",
        "link": "research#projects",
        "code": "https://github.com/amrabed/metrolab"
      }
    ]
  },
  {
    "label": "PHP",
    "size": 20,
    "x": 449.29,
    "y": 80,
    "color": "7580B3",
    "projects": [
      {
        "name": "amrabed.me (This website)",
        "link": "https://github.com/amrabed/amrabed.github.io"
      },
      {
        "name": "Metrolab",
        "link": "research#projects",
        "code": "https://github.com/amrabed/metrolab"
      }
    ]
  },
  {
    "label": "Matlab",
    "size": 25,
    "x": 181.2,
    "y": 58.25,
    "color": "CD4C2C",
    "projects": []
  },
  {
    "label": "OrientDB",
    "size": 30,
    "x": 250,
    "y": 192,
    "color": "E59433",
    "projects": []
  },
  {
    "label": "Python",
    "size": 30,
    "x": 350,
    "y": 192.45,
    "color": "416F9A",
    "projects": [
      {
        "name": "Metrolab",
        "link": "research#projects",
        "code": "research/index.html#metrolab"
      }
    ]
  }
]