[
  {
    "name": "Email",
    "url": "mailto:email@amrabed.com",
    "icon": "fas fa-envelope"
  },
  {
    "name": "LinkedIn",
    "url": "https://www.linkedin.com/in/amrabed",
    "icon": "fab fa-linkedin-in"
  },
  {
    "name": "GitHub",
    "url": "https://github.com/amrabed",
    "icon": "fab fa-github-alt"
  },
  {
    "name": "Stack Overflow",
    "url": "http://stackoverflow.com/users/2070636",
    "icon": "fab fa-stack-overflow"
  },
  {
    "name": "Google Scholar",
    "url": "https://scholar.google.com/citations?user=vdrgnAYAAAAJ",
    "icon": "fab fa-google-scholar"
  },
  {
    "name": "ORCiD",
    "url": "https://orcid.org/0000-0001-5582-9762",
    "icon": "fab fa-orcid"
  },
  {
    "name": "Impactstory",
    "url": "https://impactstory.org/u/0000-0001-5582-9762",
    "icon": "ai ai-impactstory"
  },
  {
    "name": "Mendeley",
    "url": "https://www.mendeley.com/profiles/amr-abed/",
    "icon": "fab fa-mendeley"
  },
  {
    "name": "Figshare",
    "url": "https://figshare.com/authors/Amr_Abed/476690",
    "icon": "ai ai-figshare"
  },
  {
    "name": "SlideShare",
    "url": "http://www.slideshare.net/AmrAbed",
    "icon": "fab fa-slideshare"
  },
  {
    "name": "X",
    "url": "https://x.com/amr_abed",
    "icon": "fab fa-twitter"
  },
  {
    "name": "Medium",
    "url": "https://medium.com/@AmrAbed",
    "icon": "fab fa-medium"
  },
  {
    "name": "YouTube",
    "url": "https://www.youtube.com/channel/UCBBm1gYb3QT2NAC7Q-nv5Og",
    "icon": "fab fa-youtube"
  }
]