{
  "positions": [
    {
      "position": "Assistant Professor",
      "organization": {
        "name": "Minia University",
        "department": "Computer & System Engineering",
        "url": "http://www.minia.edu.eg/eng/index.php/en"
      },
      "duration": "November 2017 - January 2020",
      "courses": [
        {
          "id": "cse315",
          "title": "Database Systems",
          "semester": "Spring 2019, Fall 2019",
          "code": "CSE 315",
          "link": "https://courses.amrabed.com/course/view.php?id=3",
          "description": "This course teaches undergraduate Computer Engineering students the basic concepts of databases management systems, focusing on relational databases and SQL"
        },
        {
          "id": "cse115",
          "title": "Programming Languages",
          "semester": "Fall 2018",
          "code": "CSE 115",
          "link": "https://courses.amrabed.com/course/view.php?id=10",
          "description": "This course teaches first-year Computer & System Engineering (CSE) students the basic principles of programming using C++"
        },
        {
          "id": "cse415",
          "title": "Cloud Computing",
          "semester": "Fall 2018",
          "code": "CSE 415",
          "link": "https://courses.amrabed.com/course/view.php?id=9",
          "description": "This course teaches senior undergraduate Computer Engineering students the fundamental concepts of cloud computing, and provides a hands-on experience of the area that prepares them for the job market"
        },
        {
          "id": "cse422",
          "title": "Computer-Controlled Systems",
          "semester": "Spring 2018",
          "code": "CSE 422",
          "link": "https://courses.amrabed.com/course/view.php?id=4",
          "description": "This course provides senior undergraduate CSE students with the fundamental principles of analysis, design, and implementation of computer-controlled systems"
        }
      ]
    },
    {
      "position": "Teaching Assistant",
      "organization": {
        "name": "Minia University",
        "department": "Computer & System Engineering",
        "url": "http://www.minia.edu.eg/eng/index.php/en"
      },
      "duration": "March 2007 - August 2010",
      "tasks": [
        "Taught 8 different undergraduate courses to 4 different classes of an average of 25 students each"
      ],
      "courses": [
        {
          "id": "cse115ta",
          "title": "Programming Languages (C Programming)",
          "code": "CSE 115",
          "description": "Introductory C-programming course taught to first year computer engineering students"
        },
        {
          "id": "cse314",
          "title": "Signals and Systems",
          "code": "CSE 314",
          "description": "Signal and systems course taught to third year computer engineering students"

        },
        {
          "id": "cse111",
          "title": "Electrical Circuits",
          "code": "CSE 111",
          "description": "Fundamentals of DC and AC electric circuits taught to first year computer engineering students"
        },
        {
          "id": "cse222",
          "title": "Operating Systems",
          "code": "CSE 222",
          "description": "Fundamentals of operating system design using C. Course taught to second year computer engineering students "

        }
      ]
    },
    {
      "position": "Instructor",
      "organization": {
        "name": "Inform - IBM Authorized Training Center",
        "url": "http://inform.com.eg"
      },
      "duration": "March 2006 - August 2010",
      "tasks": [
        "Taught C and C++ Programming to more than 150 students from different backgrounds, many of them were from outside the Engineering field"
      ],
      "courses": [
        {
          "title": "C Programming"
        },
        {
          "title": "C++ Programming"
        }
      ]
    },
    {
      "position": "Instructor",
      "organization": {
        "name": "Al-Sedeek Education Center",
        "url": ""
      },
      "duration": "February 2008 - August 2010",
      "tasks": [
        "Taught C and C++ programming, and Algorithms & Data Structures using C and C++ courses to more than 300 students"
      ],
      "courses": [
        {
          "title": "Signal and System Theory",
          "link": "http://www.guc.edu.eg/en/academic_programs/course_catalog/course_details.aspx?courseId=46"
        },
        {
          "title": "Systems and Control",
          "link": "http://www.guc.edu.eg/en/academic_programs/course_catalog/course_details.aspx?courseId=108"
        },
        {
          "title": "Digital Signal Processing",
          "link": "http://www.guc.edu.eg/en/academic_programs/course_catalog/course_details.aspx?courseId=62"
        },
        {
          "title": "Data Structures and Algorithms",
          "link": "http://www.elearn.eng.cu.edu.eg/course/view.php?id=5"
        }
      ]
    },
    {
      "position": "Teaching Assistant",
      "organization": {
        "name": "Shorouk Academy",
        "department": "Higher Institute of Engineering",
        "url": "http://hie.sha.edu.eg"
      },
      "duration": "February 2006 - September 2007",
      "tasks": [
        "Taught 9 different undergraduate courses to 9 different classes of an average of 40 students each"
      ],
      "courses": [
        {
          "title": "Computer Programs",
          "code": "ECE 107"
        },
        {
          "title": "Digital Control"
        },
        {
          "title": "Analog Control"
        },
        {
          "title": "Neural Networks"
        },
        {
          "title": "Programmable Logic Controllers"
        },
        {
          "title": "Electronic Measurements"
        }
      ]
    },
    {
      "position": "Teaching Assistant",
      "organization": {
        "name": "Modern Academy for Engineering and Technology",
        "department": "Faculty of Engineering",
        "url": "http://eng.modern-academy.edu.eg"
      },
      "duration": "September 2005 - May 2006",
      "tasks": [
        "Taught 6 different undergraduate courses to 9 different classes of an average of 40 students each"
      ],
      "courses": [
        {
          "id": "cmp110",
          "title": "Program Design and Computer Languages",
          "description": "Programming fundamentals using C++",
          "code": "CMP 110",
          "link": "courses/mam/cmp110.pdf"
        },
        {
          "id": "cmp410",
          "title": "Microprocessor Based Systems",
          "description": "Writing assembly code for programming Intel 80x86 microprocessors",
          "code": "CMP 410",
          "link": "courses/mam/cmp410.pdf"
        },
        {
          "id":"cmp426",
          "title": "Logic Design II",
          "description": "Advanced logic circuit design course",
          "code": "CMP 426",
          "link": "courses/mam/cmp426.pdf"
        },
        {
          "id": "cmp433",
          "title": "Embedded Systems",
          "description": "Building embedded systems using Intel 8051 Microcontrollers",
          "code": "CMP 433",
          "link": "courses/mam/cmp433.pdf"
        },
        {
          "id": "cmo524",
          "title": "Computer Modeling and Simulation",
          "description": "System modeling and simulation using MATLAB",
          "code": "CMP 524",
          "link": "courses/mam/cmp524.pdf"
        }
      ]
    }
  ],
  "courses": [
    {
      "title": "Signal and System Theory",
      "code": "COMM 401",
      "link": "http://www.guc.edu.eg/en/academic_programs/course_catalog/course_details.aspx?courseId=46"
    },
    {
      "title": "Systems and Control",
      "code": "COMM 501",
      "link": "http://www.guc.edu.eg/en/academic_programs/course_catalog/course_details.aspx?courseId=108"
    },
    {
      "title": "Digital Signal Processing",
      "code": "COMM 602",
      "link": "http://www.guc.edu.eg/en/academic_programs/course_catalog/course_details.aspx?courseId=62"
    },
    {
      "title": "Data Structures and Algorithms",
      "code": "CMP102",
      "link": "http://www.elearn.eng.cu.edu.eg/course/view.php?id=5"
    }
  ],
  "training": [
    {
      "title": "Use of Technology in Teaching",
      "date": "January 2018",
      "center": "Training & Development Center",
      "institution": "Ain Shams University"
    },
    {
      "title": "Exams & Student Evaluation Systems",
      "date": "December 2017",
      "center": "Faculty & Leadership Development Center",
      "institution": "Cairo University"
    },
    {
      "title": "Ethics of Scientific Research & Publication",
      "date": "December 2017",
      "center": "Faculty & Leadership Development Center",
      "institution": "Minia University"
    }

  ]
}
