[
  {
    "id": "metrolab",
    "project": "Metrolab Sensor Network",
    "sponsors": [
      {
        "name": "Arlington County",
        "url": "https://www.arlingtonva.us",
        "logo": "img/arlington.png"
      }
    ],
    "position": "Graduate Research Assistant",
    "organization": {
      "name": "NCR Urban Living Lab, Virginia Tech",
      "url": "http://www.ncr.vt.edu/initiatives/urban_living_lab.html"
    },
    "duration": "May 2016 - July 2017",
    "tasks": [
      "Constructed a Raspberry Pi based IoT sensor for the MetroLab Network",
      "Designed and implemented a framework for the device to communicate with a remote MySQL server",
      "Implemented a website using PHP and Plotly.js to display data from the database"
    ],
    "skills": [
      "Python",
      "PHP",
      "MySQL",
      "Raspberry Pi",
      "Plotly.js"
    ],
    "interests": [
      "IoT",
      "Smart City"
    ],
    "products": [
      {
        "name": "Metrolab",
        "url": "https://github.com/amrabed/metrolab"
      }
    ]
  },
  {
    "id": "fujitsu",
    "project": "VT-Fujitsu Joint Research Project",
    "sponsors": [
      {
        "name": "Fujitsu",
        "url": "https://www.fujitsu.com",
        "logo": "img/fujitsu.png"
      }
    ],
    "position": "Graduate Research Assistant",
    "organization": {
      "name": "Hume Center, Virginia Tech",
      "url": "http://www.hume.vt.edu"
    },
    "duration": "January 2017 - May 2017",
    "tasks": [
      "Collaborated with members from Fujitsu in a joint research project to build an SDN-based security solution",
      "Designed the threat model for testing the security solution using Metasploit",
      "Implemented a container-based web application as an attack target"
    ],
    "skills": [
      "Docker",
      "PHP",
      "MySQL",
      "Metasploit"
    ],
    "interests": [
      "Security"
    ],
    "products": []
  },
  {
    "id": "rhids",
    "project": "RHIDS - Resilient Host-based Intrusion Detection System for Linux containers",
    "sponsors": [
      {
        "name": "S2ERC",
        "url": "https://www.serc.net/",
        "logo": "img/serc.png"
      },
      {
        "name": "Northrop Grumman",
        "url": "http://www.northropgrumman.com",
        "logo": "img/ng.png"
      }
    ],
    "position": "Graduate Research Assistant",
    "organization": {
      "name": "Hume Center, Virginia Tech",
      "url": "http://www.hume.vt.edu"
    },
    "duration": "January 2015 - May 2016",
    "tasks": [
      "Assisted in writing a winning proposal for an NSF Industry/University Cooperative Research Center",
      "Designed and implemented RHIDS, an intrusion detection system for cloud containers",
      "Tested the system using Docker containers deployed on Amazon-AWS EC2 instances"
    ],
    "skills": [
      "Java",
      "Docker",
      "Amazon AWS",
      "Shell"
    ],
    "interests": [
      "Cloud Computing",
      "Cloud Security",
      "Linux Container",
      "Anomaly Detection"
    ],
    "products": [
      {
        "name": "RHIDS",
        "url": "https://github.com/amrabed/rhids"
      },
      {
        "name": "strace-docker",
        "url": "https://github.com/amrabed/strace-docker"
      }
    ]
  },
  {
    "id": "sodacloud",
    "project": "SodaCloud - Shared Object Distribution Architecture for Cloud systems",
    "sponsors": [
      {
        "name": "Siemens",
        "url": "https://www.siemens.com",
        "logo": "img/siemens.png"
      }
    ],
    "position": "Graduate Research Assistant",
    "organization": {
      "name": "Magnum Lab, Virginia Tech",
      "url": "https://github.com/VT-Magnum-Research"
    },
    "duration": "Feb 2013 - May 2013",
    "tasks": [
      "Implemented the Docker-EC2 tool using Shell scripting to automate running and testing network applications using a Docker container on different instances of the Amazon-AWS EC2",
      "Maintained and troubleshot build issues of the SodaCloud project (Mobile/Cloud Computing project funded by Siemens) on GitHub and BuildHive using Maven"
    ],
    "skills": [
      "Docker",
      "Amazon AWS",
      "Shell",
      "Maven"
    ],
    "interests": [
      "Mobile Computing",
      "Cloud Computing"
    ],
    "products": [
      {
        "name": "Docker-EC2",
        "url": "https://github.com/amrabed/docker-ec2"
      },
      {
        "name": "SodaCloud",
        "url": "https://github.com/VT-Magnum-Research/sodacloud"
      }
    ]
  }
]