[
  {
    "title": "Securing Cloud Containers through Intrusion Detection and Remediation",
    "authors": [
      "Amr S. Abed"
    ],
    "venue": "Virginia Tech",
    "year": "2017",
    "type": "phdthesis",
    "fulltext": "http://vtechworks.lib.vt.edu/handle/10919/87730",
    "keywords": [
      "Intrusion detection",
      "Anomaly detection",
      "System call monitoring",
      "Container security",
      "Security in cloud computing"
    ],
    "presentation": "https://www.slideshare.net/secret/dWT9Fwk08rZqJU"
  },
  {
    "title": "Intrusion Detection System for Applications using Linux Containers",
    "authors": [
      "Amr S. Abed",
      "Charles Clancy",
      "David Levy"
    ],
    "venue": "Security and Trust Management (STM)",
    "year": "2015",
    "pages": "123-135",
    "type": "conference",
    "scopus": "http://www.scopus.com/inward/record.url?eid=2-s2.0-84951875184&partnerID=MN8TOARS",
    "doi": "10.1007/978-3-319-24858-5_8",
    "eid": "2-s2.0-84951875184",
    "fulltext": "https://arxiv.org/pdf/1611.03056v1",
    "keywords": [
      "Intrusion detection",
      "Anomaly detection",
      "System call monitoring",
      "Container security",
      "Security in cloud computing"
    ],
    "presentation": "http://www.slideshare.net/AmrAbed/intrusion-detection-system-for-applications-using-linux-containers"
  },
  {
    "title": "Applying Bag of System Calls for Anomalous Behavior Detection of Applications in Linux Containers",
    "short_title": "Applying BoSC for Anomalous Behavior Detection of Applications in Linux Containers",
    "authors": [
      "Amr S. Abed",
      "Charles Clancy",
      "David Levy"
    ],
    "venue": "IEEE Globecom 2015 Workshop on Cloud Computing Systems, Networks, and Applications (CCSNA)",
    "year": "2015",
    "pages": "1-5",
    "type": "conference",
    "scopus": "http://www.scopus.com/inward/record.url?eid=2-s2.0-84971277782&partnerID=MN8TOARS",
    "doi": "10.1109/GLOCOMW.2015.7414047",
    "eid": "2-s2.0-84971277782",
    "fulltext": "https://arxiv.org/pdf/1611.03053v1",
    "keywords": [
      "Security",
      "Linux Containers",
      "Anomaly Detection",
      "System Call Monitoring"
    ]
  },
  {
    "title": "Toward Smart Moving Target Defense for Linux Container Resiliency",
    "authors": [
      "Mohamed Azab",
      "Bassem Mokhtar",
      "Amr S. Abed",
      "Mohamed Eltoweissy"
    ],
    "url": "https://doi.org/10.1109/LCN.2016.106",
    "doi": "10.1109/LCN.2016.106",
    "venue": "IEEE 41st Conference on Local Computer Networks (LCN 2016)",
    "year": "2016",
    "type": "conference",
    "fulltext": "https://arxiv.org/pdf/1611.03065v1"
  },
  {
    "title": "A Moving Target Defense Approach for Linux Container Resiliency",
    "authors": [
      "Mohamed Azab",
      "Bassem Mokhtar",
      "Amr S. Abed",
      "Mohamed Eltoweissy"
    ],
    "venue": "2nd IEEE International Conference on Collaboration and Internet Computing",
    "year": "2016",
    "type": "conference",
    "doi": "10.1109/CIC.2016.028"
  },
  {
    "title": "Resilient Intrusion Detection System for Cloud Containers",
    "authors": [
      "Amr S. Abed",
      "Mohamed Azab",
      "Charles Clancy",
      "Mona Kashkoush"
    ],
    "venue": "International Journal of Communication Networks and Distributed Systems",
    "year": "2018",
    "type": "article"
  },
  {
    "title": "Online Smart Disguise: Real-time Diversication Evading Coresidency Based Cloud Attacks",
    "authors": [
      "Mona S. kashkoush",
      "Mohamed Azab",
      "Gamal Attiya",
      "Amr S. Abed"
    ],
    "venue": "Cluster Computing",
    "year": "2018",
    "pages": "1-16",
    "type": "article",
    "doi": "10.1007/s10586-018-2851-2",
    "fulltext": "https://link.springer.com/content/pdf/10.1007%2Fs10586-018-2851-2.pdf"
  }
]